{"cameraMode":{"drawMode":0,"name":"Shaded","section":"Shading Mode"},"sceneLighting":true,"audioPlay":false,"sceneViewState":{"showFog":true,"showMaterialUpdate":false,"showSkybox":true,"showFlares":true,"showImageEffects":true,"showParticleSystems":true},"in2DMode":false,"pivot":{"x":-23.308435440063478,"y":-3.234294891357422,"z":-1.3239526748657227},"rotation":{"x":-0.6350142955780029,"y":-0.1952744424343109,"z":0.17008011043071748,"w":-0.7278867363929749},"size":47.32783508300781,"orthographic":false}