{"cameraMode":{"drawMode":0,"name":"Shaded","section":"Shading Mode"},"sceneLighting":true,"audioPlay":false,"sceneViewState":{"showFog":true,"showMaterialUpdate":false,"showSkybox":true,"showFlares":true,"showImageEffects":true,"showParticleSystems":true},"in2DMode":false,"pivot":{"x":-12.624383926391602,"y":-13.941112518310547,"z":16.01062774658203},"rotation":{"x":-0.37688466906547549,"y":-0.35049813985824587,"z":0.15644322335720063,"w":-0.8430635929107666},"size":83.5191421508789,"orthographic":false}